Butt,James,"Benton, John B Jr"
Darakjy,Josephine,"Chanay, Jeffrey A Esq"
Venere,Art,"Chemel, James L Cpa"
Paprocki,Lenna,Feltz Printing Service
Foller,Donette,Printing Dimensions
Morasca,Simona,"Chapman, Ross E Esq"
Tollner,Mitsue,Morlong Associates
Dilliard,Leota,Commercial Press
Wieser,Sage,Truhlar And Truhlar Attys
Marrier,Kris,"King, Christopher A Esq"
Amigon,Minna,"Dorl, James J Esq"
Maclead,Abel,Rangoni Of Florence
Caldarera,Kiley,Feiner Bros
Ruta,Graciela,Buckley Miller & Wright
Albares,Cammy,"Rousseaux, Michael Esq"
Poquette,Mattie,Century Communications
Garufi,Meaghan,"Bolton, Wilbur Esq"
Rim,Gladys,T M Byxbee Company Pc
Whobrey,Yuki,Farmers Insurance Group
Flosi,Fletcher,Post Box Services Plus
Nicka,Bette,Sport En Art
Inouye,Veronika,C 4 Network Inc
Kolmetz,Willard,"Ingalls, Donald R Esq"
Royster,Maryann,"Franklin, Peter L Esq"
Slusarski,Alisha,Wtlz Power 107 Fm
Iturbide,Allene,"Ledecky, David Esq"
Caudy,Chanel,Professional Image Inc
Chui,Ezekiel,"Sider, Donald C Esq"
Kusko,Willow,U Pull It
Figeroa,Bernardo,"Clark, Richard Cpa"
Corrio,Ammie,"Moskowitz, Barry S"
Vocelka,Francine,Cascade Realty Advisors Inc
Stenseth,Ernie,Knwz Newsradio
Glick,Albina,"Giampetro, Anthony D"
Sergi,Alishia,Milford Enterprises Inc
Shinko,Solange,"Mosocco, Ronald A"
Stockham,Jose,Tri State Refueler Co
Ostrosky,Rozella,Parkway Company
Gillian,Valentine,Fbs Business Finance
Rulapaugh,Kati,Eder Assocs Consltng Engrs Pc
Schemmer,Youlanda,Tri M Tool Inc
Oldroyd,Dyan,International Eyelets Inc
Campain,Roxane,Rapid Trading Intl
Perin,Lavera,Abc Enterprises Inc
Ferencz,Erick,Cindy Turner Associates
Saylors,Fatima,"Stanton, James D Esq"
Briddick,Jina,Grace Pastries Inc
Waycott,Kanisha,"Schroer, Gene E Esq"
Bowley,Emerson,Knights Inn
Malet,Blair,Bollinger Mach Shp & Shipyard
Bolognia,Brock,Orinda News
Nestle,Lorrie,Ballard Spahr Andrews
Uyetake,Sabra,Lowy Limousine Service
Mastella,Marjory,Vicon Corporation
Klonowski,Karl,"Rossi, Michael M"
Wenner,Tonette,Northwest Publishing
Monarrez,Amber,Branford Wire & Mfg Co
Seewald,Shenika,East Coast Marketing
Ahle,Delmy,Wye Technologies Inc
Juhas,Deeanna,"Healy, George W Iv"
Pugh,Blondell,Alpenlite Inc
Vanausdal,Jamal,"Hubbard, Bruce Esq"
Hollack,Cecily,Arthur A Oliver & Son Inc
Lindall,Carmelina,George Jessop Carter Jewelers
Yglesias,Maurine,"Schultz, Thomas C Md"
Buvens,Tawna,H H H Enterprises Inc
Weight,Penney,Hawaiian King Hotel
Morocco,Elly,Killion Industries
Eroman,Ilene,"Robinson, William J Esq"
Mondella,Vallie,Private Properties
Blackwood,Kallie,Rowley Schlimgen Inc
Abdallah,Johnetta,Forging Specialties
Rhym,Bobbye,"Smits, Patricia Garity"
Rhymes,Micaela,H Lee Leonard Attorney At Law
Hoogland,Tamar,A K Construction Co
Parlato,Moon,"Ambelang, Jessica M Md"
Reitler,Laurel,Q A Service
Crupi,Delisa,Wood & Whitacre Contractors
Toelkes,Viva,Mark Iv Press Ltd
Lipke,Elza,Museum Of Science & Industry
Chickering,Devorah,Garrison Ind
Mulqueen,Timothy,Saronix Nymph Products
Honeywell,Arlette,Smc Inc
Dickerson,Dominque,E A I Electronic Assocs Inc
Isenhower,Lettie,"Conte, Christopher A Esq"
Munns,Myra,Anker Law Office
Barfield,Stephaine,Beutelschies & Company
Gato,Lai,"Fligg, Kenneth I Jr"
Emigh,Stephen,"Sharp, J Daniel Esq"
Shields,Tyra,"Assink, Anne H Esq"
Wardrip,Tammara,Jewel My Shop Inc
Gibes,Cory,Chinese Translation Resources
Bruschke,Danica,"Stevens, Charles T"
Giguere,Wilda,"Mclaughlin, Luther W Cpa"
Benimadho,Elvera,Tree Musketeers
Vanheusen,Carma,Springfield Div Oh Edison Co
Hochard,Malinda,Logan Memorial Hospital
Fern,Natalie,"Kelly, Charles G Esq"
Centini,Lisha,Industrial Paper Shredders Inc
Klusman,Arlene,Beck Horizon Builders
Buemi,Alease,Porto Cayo At Hawks Cay
Cronauer,Louisa,Pacific Grove Museum Ntrl Hist
Cetta,Angella,Bender & Hatley Pc
Goldammer,Cyndy,Di Cristina J & Son
Cork,Rosio,Green Goddess
Korando,Celeste,American Arts & Graphics
Felger,Twana,Opryland Hotel
Samu,Estrella,Marking Devices Pubg Co
Kines,Donte,W Tc Industries Inc
Steffensmeier,Tiffiny,Whitehall Robbins Labs Divsn
Miceli,Edna,Sampler
Kownacki,Sue,Juno Chefs Incorporated
Shin,Jesusa,"Carroccio, A Thomas Esq"
Francescon,Rolland,"Stanley, Richard L Esq"
Schmierer,Pamella,K Cs Cstm Mouldings Windows
Kulzer,Glory,Comfort Inn
Palaspas,Shawna,"Windsor, James L Esq"
Callaro,Brandon,Jackson Shields Yeiser
Cartan,Scarlet,"Box, J Calvin Esq"
Menter,Oretha,Custom Engineering Inc
Smith,Ty,Bresler Eitel Framg Gllry Ltd
Rochin,Xuan,"Carol, Drake Sparks Esq"
Dilello,Lindsey,Biltmore Investors Bank
Perez,Devora,Desco Equipment Corp
Demesa,Herman,Merlin Electric Co
Papasergi,Rory,Bailey Cntl Co Div Babcock
Riopelle,Talia,Ford Brothers Wholesale Inc
Shire,Van,Cambridge Inn
Lary,Lucina,"Matricciani, Albert J Jr"
Isaacs,Bok,Nelson Hawaiian Ltd
Spickerman,Rolande,Neland Travel Agency
Paulas,Howard,"Asendorf, J Alan Esq"
Madarang,Kimbery,"Silberman, Arthur L Esq"
Manno,Thurman,Honey Bee Breeding Genetics &
Mirafuentes,Becky,Wells Kravitz Schnitzer
Corrington,Beatriz,Prohab Rehabilitation Servs
Maybury,Marti,"Eldridge, Kristin K Esq"
Gotter,Nieves,"Vlahos, John J Esq"
Hagele,Leatha,Ninas Indian Grs & Videos
Klimek,Valentin,"Schmid, Gayanne K Esq"
Wiklund,Melissa,Moapa Valley Federal Credit Un
Zane,Sheridan,Kentucky Tennessee Clay Co
Padilla,Bulah,Admiral Party Rentals & Sales
Kohnert,Audra,"Nelson, Karolyn King Esq"
Weirather,Daren,Panasystems
Jillson,Fernanda,"Shank, Edward L Esq"
Gellinger,Gearldine,Megibow & Edwards
Kitzman,Chau,"Benoff, Edward Esq"
Frey,Theola,Woodbridge Free Public Library
Haroldson,Cheryl,New York Life John Thune
Merced,Laticia,Alinabal Inc
Batman,Carissa,"Poletto, Kim David Esq"
Craghead,Lezlie,"Chang, Carolyn Esq"
Shealy,Ozell,Silver Bros Inc
Parvis,Arminda,Newtec Inc
Leto,Reita,Creative Business Systems
Luczki,Yolando,Dal Tile Corporation
Stem,Lizette,Edward S Katz
Pawlowicz,Gregoria,Oh My Goodknits Inc
Deleo,Carin,"Redeker, Debbie"
Maynerich,Chantell,Desert Sands Motel
Yum,Dierdre,Cummins Southern Plains Inc
Gudroe,Larae,Lehigh Furn Divsn Lehigh
Tolfree,Latrice,United Van Lines Agent
Theodorov,Kerry,Capitol Reporters
Hidvegi,Dorthy,Kwik Kopy Printing
Lungren,Fannie,Centro Inc
Radde,Evangelina,"Campbell, Jan Esq"
Degroot,Novella,"Evans, C Kelly Esq"
Hoa,Clay,Scat Enterprises
Fallick,Jennifer,"Nagle, Daniel J Esq"
Wolfgramm,Irma,Serendiquity Bed & Breakfast
Coody,Eun,Ray Carolyne Realty
Cousey,Sylvia,"Berg, Charles E"
Wrinkles,Nana,"Ray, Milbern D"
Springe,Layla,Chadds Ford Winery
Degonia,Joesph,A R Packaging
Boord,Annabelle,Corn Popper
Vinning,Stephaine,Birite Foodservice Distr
Sawchuk,Nelida,Anchorage Museum Of Hist & Art
Hiatt,Marguerita,"Haber, George D Md"
Cookey,Carmela,Royal Pontiac Olds Inc
Brideau,Junita,Leonards Antiques Inc
Varriano,Claribel,Meca
Skursky,Benton,Nercon Engineering & Mfg Inc
Skulski,Hillary,Replica I
Bayless,Merilyn,20 20 Printing Inc
Ennaco,Teri,Publishers Group West
Lawler,Merlyn,"Nischwitz, Jeffrey L Esq"
Montezuma,Georgene,Payne Blades & Wellborn Pa
Mconnell,Jettie,Coldwell Bnkr Wright Real Est
Latzke,Lemuel,Computer Repair Service
Knipp,Melodie,Fleetwood Building Block Inc
Corbley,Candida,Colts Neck Medical Assocs Inc
Karpin,Karan,New England Taxidermy
Scheyer,Andra,"Ludcke, George O Esq"
Poullion,Felicidad,"Mccorkle, Tom S Esq"
Strassner,Belen,Eagle Software Inc
Melnyk,Gracia,Juvenile & Adult Super
Hanafan,Jolanda,"Perez, Joseph J Esq"
Toyama,Barrett,Case Foundation Co
Fredicks,Helga,Eis Environmental Engrs Inc
Pinilla,Ashlyn,Art Crafters
Agramonte,Fausto,Marriott Hotels Resorts Suites
Caiafa,Ronny,Remaco Inc
Limmel,Marge,"Bjork, Robert D Jr"
Waymire,Norah,"Carmichael, Jeffery L Esq"
Baltimore,Aliza,"Andrews, J Robert Esq"
Pelkowski,Mozell,Winship & Byrne
Bitsuie,Viola,Burton & Davis
Emard,Franklyn,Olympic Graphic Arts
Konopacki,Willodean,Magnuson
Silvestrini,Beckie,A All American Travel Inc
Gesick,Rebecka,Polykote Inc
Blunk,Frederica,Jets Cybernetics
Bartolet,Glen,Metlab Testing Services
Gochal,Freeman,"Kellermann, William T Esq"
Meinerding,Vincent,"Arturi, Peter D Esq"
Bevelacqua,Rima,Mcauley Mfg Co
Sarbacher,Glendora,Defur Voran Hanley Radcliff
Steier,Avery,Dill Dill Carr & Stonbraker Pc
Lother,Cristy,Kleensteel
Brossart,Nicolette,Goulds Pumps Inc Slurry Pump
Modzelewski,Tracey,Kansas City Insurance Report
Tegarden,Virgina,Berhanu International Foods
Frankel,Tiera,Roland Ashcroft
Bergesen,Alaine,Hispanic Magazine
Mai,Earleen,Little Sheet Metal Co
Gobern,Leonida,"Holmes, Armstead J Esq"
Auffrey,Ressie,"Faw, James C Cpa"
Mugnolo,Justine,Evans Rule Company
Saulter,Eladia,Tyee Productions Inc
Malvin,Chaya,Dunnells & Duvall
Suffield,Gwenn,Deltam Systems Inc
Karpel,Salena,Hammill Mfg Co
Fishburne,Yoko,Sams Corner Store
Moyd,Taryn,"Siskin, Mark J Esq"
Polidori,Katina,Cape & Associates Real Estate
Plumer,Rickie,Merrill Lynch
Loader,Alex,"Sublett, Scott Esq"
Vizarro,Lashon,Sentry Signs
Burnard,Lauran,Professionals Unlimited
Setter,Ceola,Southern Steel Shelving Co
Rantanen,My,"Bosco, Paul J"
Worlds,Lorrine,"Longo, Nicholas J Esq"
Sturiale,Peggie,Henry County Middle School
Raymo,Marvel,Edison Supply & Equipment Co
Dinos,Daron,"Wolf, Warren R Esq"
Fritz,An,Linguistic Systems Inc
Stimmel,Portia,Peace Christian Center
Aredondo,Rhea,Double B Foods Inc
Sama,Benedict,Alexander & Alexander Inc
Arias,Alyce,Fairbanks Scales
Berganza,Heike,Cali Sportswear Cutting Dept
Dopico,Carey,"Garofani, John Esq"
Hellickson,Dottie,Thompson Fabricating Co
Hughey,Deandrea,Century 21 Krall Real Estate
Duenas,Kimberlie,Mid Contntl Rlty & Prop Mgmt
Staback,Martina,Ace Signs Inc
Fillingim,Skye,Rodeway Inn
Farrar,Jade,Bonnet & Daughter
Hamilton,Charlene,Oshins & Gibbons
Acey,Geoffrey,Price Business Services
Westerbeck,Stevie,"Wise, Dennis W Md"
Fortino,Pamella,Super 8 Motel
Haufler,Harrison,John Wagner Associates
Engelberg,Johnna,Thrifty Oil Co
Cloney,Buddy,Larkfield Photo
Riden,Dalene,Silverman Planetarium
Zurcher,Jerry,J & F Lumber
Denooyer,Haydee,Cleaning Station Inc
Cryer,Joseph,Ames Stationers
Kippley,Deonna,Midas Muffler Shops
Calvaresi,Raymon,Seaboard Securities Inc
Bubash,Alecia,"Petersen, James E Esq"
Layous,Ma,Development Authority
Coyier,Detra,Schott Fiber Optics Inc
Rodeigues,Terrilyn,Stuart J Agins
Lacovara,Salome,Mitsumi Electronics Corp
Keetch,Garry,Italian Express Franchise Corp
Neither,Matthew,American Council On Sci & Hlth
Restrepo,Theodora,"Kleri, Patricia S Esq"
Kalafatis,Noah,Twiggs Abrams Blanchard
Sweigard,Carmen,Maui Research & Technology Pk
Hengel,Lavonda,Bradley Nameplate Corp
Stoltzman,Junita,Geonex Martel Inc
Nicolozakes,Herminia,Sea Island Div Of Fstr Ind Inc
Good,Casie,"Papay, Debbie J Esq"
Maisto,Reena,Lane Promotions
Mallett,Mirta,Stephen Kennerly Archts Inc Pc
Pontoriero,Cathrine,Business Systems Of Wis Inc
Tawil,Filiberto,"Flash, Elena Salerno Esq"
Upthegrove,Raul,"Neeley, Gregory W Esq"
Candlish,Sarah,Alabama Educational Tv Comm
Treston,Lucy,Franz Inc
Aquas,Judy,Plantation Restaurant
Tjepkema,Yvonne,Radio Communications Co
Lace,Kayleigh,Dentalaw Divsn Hlth Care
Hirpara,Felix,American Speedy Printing Ctrs
Sweely,Tresa,"Grayson, Grant S Esq"
Turinetti,Kristeen,Jeanerette Middle School
Regusters,Jenelle,"Haavisto, Brian F Esq"
Monterrubio,Renea,Wmmt Radio Station
Matuszak,Olive,Colony Paints Sales Ofc & Plnt
Reiber,Ligia,Floral Expressions
Eschberger,Christiane,Casco Services Inc
Schirpke,Goldie,"Reuter, Arthur C Jr"
Timenez,Loreta,"Kaminski, Katherine Andritsaki"
Hauenstein,Fabiola,Sidewinder Products Corp
Perigo,Amie,General Foam Corporation
Brachle,Raina,Ikg Borden Divsn Harsco Corp
Canlas,Erinn,Anchor Computer Inc
Lietz,Cherry,Sebring & Co
Vonasek,Kattie,H A C Farm Lines Co Optv Assoc
Scriven,Lilli,"Hunter, John J Esq"
Tomasulo,Whitley,Freehold Fence Co
Adkin,Barbra,Binswanger
Thyberg,Hermila,Chilton Malting Co
Flister,Jesusita,"Schoen, Edward J Jr"
Julia,Caitlin,"Helderman, Seymour Cpa"
Hoffis,Roosevelt,"Denbrook, Myron"
Halter,Helaine,"Lippitt, Mike"
Martabano,Lorean,"Hiram, Hogg P Esq"
Buzick,France,In Travel Agency
Ferrario,Justine,Newhart Foods Inc
Nabours,Adelina,Courtyard By Marriott
Dhamer,Derick,"Studer, Eugene A Esq"
Dallen,Jerry,Seashore Supply Co Waretown
Ragel,Leota,Mayar Silk Inc
Amyot,Jutta,National Medical Excess Corp
Gehrett,Aja,Stero Company
Herritt,Kirk,"Hasting, H Duane Esq"
Mauson,Leonora,Insty Prints
Brucato,Winfred,Glenridge Manor Mobile Home Pk
Nachor,Tarra,Circuit Solution Inc
Loder,Corinne,Local Office
Labreche,Dulce,Lee Kilkelly Paulson & Kabaker
Keneipp,Kate,"Davis, Maxon R Esq"
Ogg,Kaitlyn,"Garrison, Paul E Esq"
Saras,Sherita,Black History Resource Center
Stuer,Lashawnda,"Rodriguez, J Christopher Esq"
Syrop,Ernest,Grant Family Health Center
Halsey,Nobuko,Goeman Wood Products Inc
Wolny,Lavonna,"Linhares, Kenneth A Esq"
Lizama,Lashaunda,Earnhardt Printing
Bilden,Mariann,H P G Industrys Inc
Rodenberger,Helene,Bailey Transportation Prod Inc
Estell,Roselle,Mcglynn Bliss Pc
Heintzman,Samira,Mutual Fish Co
Meisel,Margart,"Yeates, Arthur L Aia"
Bennick,Kristofer,"Logan, Ronald J Esq"
Acuff,Weldon,Advantage Martgage Company
Shadrick,Shalon,Germer And Gertz Llp
Patak,Denise,Spence Law Offices
Beech,Louvenia,John Ortiz Nts Therapy Center
Yaw,Audry,Mike Uchrin Htg & Air Cond Inc
Ehmann,Kristel,"Mccoy, Joy Reynolds Esq"
Zepp,Vincenza,Kbor 1600 Am
Gwalthney,Elouise,Quality Inn Northwest
Maillard,Venita,Wallace Church Assoc Inc
Semidey,Kasandra,Can Tron
Discipio,Xochitl,Ravaal Enterprises Inc
Linahan,Maile,Thompson Steel Company Inc
Rauser,Krissy,"Anderson, Mark A Esq"
Dubaldi,Pete,Womack & Galich
Paa,Linn,Valerie & Company
Wide,Paris,Gehring Pumps Inc
Dorshorst,Wynell,"Haehnel, Craig W Esq"
Birkner,Quentin,Spoor Behrins Campbell & Young
Kannady,Regenia,Ken Jeter Store Equipment Inc
Louissant,Sheron,"Potter, Brenda J Cpa"
Funnell,Izetta,Baird Kurtz & Dobson
Butzen,Rodolfo,"Minor, Cynthia A Esq"
Colla,Zona,"Solove, Robert A Esq"
Zagen,Serina,Mark Ii Imports Inc
Sahagun,Paz,White Sign Div Ctrl Equip Co
Lukasik,Markus,M & M Store Fixtures Co Inc
Bachman,Jaclyn,Judah Caster & Wheel Co
Daufeldt,Cyril,Galaxy International Inc
Schnitzler,Gayla,Sigma Corp Of America
Nievas,Erick,"Soward, Anne Esq"
Drymon,Jennie,"Osborne, Michelle M Esq"
Scipione,Mitsue,Students In Free Entrprs Natl
Ventura,Ciara,"Johnson, Robert M Esq"
Cantres,Galen,Del Charro Apartments
Feichtner,Truman,Legal Search Inc
Kitty,Gail,Service Supply Co Inc
Schoeneck,Dalene,"Sameshima, Douglas J Esq"
Witten,Gertude,"Thompson, John Randolph Jr"
Kohl,Lizbeth,E T Balancing Co Inc
Berray,Glenn,"Griswold, John E Esq"
Klang,Lashandra,Acqua Group
Newville,Lenna,"Brooks, Morris J Jr"
Pagliuca,Laurel,Printing Images Corp
Frerking,Mireya,Roberts Supply Co Inc
Tagala,Annelle,Vico Products Mfg Co
Ketelsen,Dean,J M Custom Design Millwork
Munis,Levi,Farrell & Johnson Office Equip
Ryser,Sylvie,Millers Market & Deli
Maile,Sharee,Holiday Inn Naperville
Storment,Cordelia,"Burrows, Jon H Esq"
Mcdoniel,Mollie,Dock Seal Specialty
Mccullan,Brett,Five Star Limousines Of Tx Inc
Pedrozo,Teddy,"Barkan, Neal J Esq"
Andreason,Tasia,"Campbell, Robert A"
Walthall,Hubert,"Dee, Deanna"
Farrow,Arthur,"Young, Timothy L Esq"
Berlanga,Vilma,"Wells, D Fred Esq"
Miro,Billye,"Gray, Francine H Esq"
Slayton,Glenna,Toledo Iv Care
Hudnall,Mitzie,Cangro Transmission Co
Rodefer,Bernardine,Sat Poly Inc
Schmaltz,Staci,Midwest Contracting & Mfg Inc
Meteer,Nichelle,Print Doctor
Rhoden,Janine,Nordic Group Inc
Hoopengardner,Ettie,Jackson Millwork Co
Jayson,Eden,Harris Corporation
Auber,Lynelle,United Cerebral Palsy Of Ne Pa
Tomblin,Merissa,One Day Surgery Center Inc
Kaniecki,Golda,Calaveras Prospect
Gleich,Catarina,"Terk, Robert E Esq"
Kiel,Virgie,"Cullen, Terrence P Esq"
Ostolaza,Jolene,Central Die Casting Mfg Co Inc
Borgman,Keneth,Centerline Engineering
Nayar,Rikki,Targan & Kievit Pa
Sengbusch,Elke,Riley Riper Hollin & Colagreco
Sarao,Hoa,"Kaplan, Joel S Esq"
Mcrae,Trinidad,Water Office
Lueckenbach,Mari,"Westbrooks, Nelson E Jr"
Husser,Selma,Armon Communications
Onofrio,Antione,Jacobs & Gerber Inc
Jurney,Luisa,Forest Fire Laboratory
Heimann,Clorinda,"Haughey, Charles Jr"
Wenzinger,Dick,Wheaton Plastic Products
Angalich,Ahmed,Reese Plastics
Ohms,Iluminada,Nazette Marner Good Wendt
Leinenbach,Joanna,Levinson Axelrod Wheaton
Suell,Caprice,"Egnor, W Dan Esq"
Myricks,Stephane,Portland Central Thriftlodge
Swayze,Quentin,Ulbrich Trucking
Castros,Annmarie,Tipiak Inc
Greenbush,Shonda,Saint George Well Drilling
Lapage,Cecil,"Hawkes, Douglas D"
Claucherty,Jeanice,Accurel Systems Intrntl Corp
Villanueva,Josphine,Santa Cruz Community Internet
Perruzza,Daniel,Gersh & Danielson
Wildfong,Cassi,"Cobb, James O Esq"
Galam,Britt,Wheatley Trucking Company
Lipkin,Adell,Systems Graph Inc Ab Dick Dlr
Rowling,Jacqueline,John Hancock Mutl Life Ins Co
Weglarz,Lonny,History Division Of State
Diestel,Lonna,"Dimmock, Thomas J Esq"
Samara,Cristal,Intermed Inc
Grenet,Kenneth,Bank Of New York
Mclaird,Elli,Sportmaster Intrnatl
Jeanty,Alline,W W John Holden Inc
Eanes,Sharika,Maccani & Delp
Mcnease,Nu,Amazonia Film Project
Comnick,Daniela,Water & Sewer Department
Colaizzo,Cecilia,Switchcraft Inc
Threets,Leslie,C W D C Metal Fabricators
Koppinger,Nan,"Shimotani, Grace T"
Dewar,Izetta,"Lisatoni, Jean Esq"
Arceo,Tegan,Ceramic Tile Sales Inc
Keener,Ruthann,Maiden Craft Inc
Breland,Joni,Carriage House Cllsn Rpr Inc
Rentfro,Vi,Video Workshop
Kardas,Colette,Fresno Tile Center Inc
Tromblay,Malcolm,Versatile Sash & Woodwork
Harnos,Ryan,Warner Electric Brk & Cltch Co
Chaffins,Jess,New York Public Library
Bourbon,Sharen,"Mccaleb, John A Esq"
Juvera,Nickolas,United Oil Co Inc
Nunlee,Gary,Irving Foot Center
Devreese,Diane,Acme Supply Co
Chavous,Roslyn,"Mcrae, James L"
Schieler,Glory,Mcgraths Seafood
Sayaphon,Rasheeda,"Kummerer, J Michael Esq"
Palaia,Alpha,"Stoffer, James M Jr"
Jacobos,Refugia,North Central Fl Sfty Cncl
Yori,Shawnda,Fiorucci Foods Usa Inc
Delasancha,Mona,Sign All
Liukko,Gilma,Sammys Steak Den
Gabisi,Janey,"Dobscha, Stephen F Esq"
Paskin,Lili,Morgan Custom Homes
Asar,Loren,Olsen Payne & Company
Chesterfield,Dorothy,Cowan & Kelly
Similton,Gail,"Johnson, Wes Esq"
Tillotson,Catalina,Icn Pharmaceuticals Inc
Lorens,Lawrence,New England Sec Equip Co Inc
Boulter,Carlee,"Tippett, Troy M Ii"
Ankeny,Thaddeus,Atc Contracting
Oles,Jovita,"Pagano, Philip G Esq"
Hixenbaugh,Alesia,Kwikprint
Harabedian,Lai,Buergi & Madden Scale
Gillaspie,Brittni,Inner Label
Kampa,Raylene,Hermar Inc
Bookamer,Flo,Simonton Howe & Schneider Pc
Biddy,Jani,Warehouse Office & Paper Prod
Motley,Chauncey,Affiliated With Travelodge
