Tomkiewicz,Aleshia,Alan D Rosenburg Cpa Pc
Zigomalas,Evan,Cap Gemini America
Andrade,France,"Elliott, John W Esq"
Mcwalters,Ulysses,"Mcmahan, Ben L"
Veness,Tyisha,Champagne Room
Rampy,Eric,"Thompson, Michael C Esq"
Grasmick,Marg,Wrangle Hill Auto Auct & Slvg
Hisaw,Laquita,In Communications Inc
Manzella,Lura,Bizerba Usa Inc
Klapec,Yuette,Max Video
Writer,Fernanda,K & R Associates Inc
Erm,Charlesetta,"Cain, John M Esq"
Jaret,Corrinne,Sound Vision Corp
Bruch,Niesha,Rowley/hansell Petetin
Gastellum,Rueben,Industrial Engineering Assocs
Throssell,Michell,Weiss Spirt & Guyer
Kanne,Edgar,"Crowan, Kenneth W Esq"
Julio,Dewitt,Rittenhouse Motor Co
Spinello,Charisse,Modern Plastics Corp
Lapinski,Mee,Galloway Electric Co Inc
Gutierres,Peter,Niagara Custombuilt Mfg Co
Salvadore,Octavio,Practical Periphrals
Teplica,Martha,"Curtin, Patricia M Esq"
Veigel,Tamesha,"Wilhelm, James E Jr"
Sitra,Tess,Smart Signs
Kufner,Leonard,Arctic Star Distributing Inc
Tauras,Svetlana,"Lensbower, Gregory L Esq"
Molaison,Pok,Portal Metal Products
Growcock,Augustine,"Lynema, Cliff Cpa"
Quarto,Karma,J C S Machinery
Weisinger,Reed,"Berick, Joseph G Esq"
Zelaya,German,Jackson & Heit Machine Co Inc
Savidge,Milly,Bridgeway Plan For Health
Ear,Luis,Wa Inst For Plcy Studies
Cobbley,Ciara,Wmgl 101.7 Fm
Mould,Alethea,"Hughlett, Henry T Jr"
Loperfido,Margurite,Penrose Place Pharmacy Inc
Sperazza,Vernice,"Novak, Alan Paul Esq"
Rawicki,Vicente,B & S Tool And Cutter Svc Inc
Cua,Craig,"Berry, John M Esq"
Dulle,Jenise,"Alden, Michael H Esq"
Cornelison,Marylin,Ernest E Heuer & Company Pc
Gunst,Marget,"Frankel, Stephen"
Bunselmeyer,Annett,Guynes Design Inc
Turziano,Kip,General Appraisal Co
Orizabal,Melina,Sheraton Inn Ocean Front
Clapham,Tina,Cooper Myers Y Co
Devereux,Luisa,Cash 4 Checks
Aschoff,Pedro,Charlotte Chamber
Kunimitsu,Carrol,Kisc 98 Kiss Fm
Mosseri,Alba,"Schwartzbard, Gail L Esq"
Sandlin,Domonique,Marketing Horizons Inc
Neufville,Rory,"Brady, Brad J Esq"
Klingaman,Dustin,Welders Supply
Moonshower,Lyndia,Bomarko Inc
Hiltner,Jules,"Benitez, Brigida Esq"
Kopczynski,Dong,Kennedy Scales Inc
Salta,Justine,Barajas & Bustamante Archl
Kamens,Chantay,Brewster Wallcoverings Co
Chisum,Tequila,Bohs Well Drilling Inc
Consolazio,Maybelle,"Gavin, Lee W Esq"
Bairo,Margarett,"Reid, Carleton B Esq"
Noonon,Janessa,"Canterbury, Christopher C"
Cowser,Sol,Omni Mandalay
Smethers,Louann,Lba Savings Bank
Yadao,Lindsay,"Lutz, Christopher T Esq"
Hanton,Malika,Association Of Art Museum Dir
Ferenz,Stefany,L & L Sales Co Inc
Cratch,Abraham,"Cavuto, John A"
Rohaley,Giuseppe,Pacific Coast Packaging
Bassil,Kiera,Storm Eye Institute
Rubano,Wendell,Automation Engrg & Mfg Inc
Stifflemire,Stevie,Packaging Corp Of America
Paletta,Yun,"Goe, Douglas E Esq"
Thurm,Brittani,Burgess Steel Products Corp
Venus,Billy,Tipton & Hurst
Elkan,Brynn,A O Hardee & Son Inc
Piehler,Elroy,"Jonson, Geo D Esq"
Shulick,Anisha,Dale Yoder Clu Life Hlth & Bus
Kham,Bettina,Council Of Cmnty Blood Ctrs
Mancilla,Velda,"Tremont, Michael A Esq"
Brace,Marta,"Trautman, Eileen Esq"
Vanwyhe,Juan,Office Service Co
Filion,Lelia,Alphabetland Pre School Center
Frankel,Una,Shamrock Food Service
Joulwan,Eva,Central Hrdwr & Elec Corp
Dormanen,Mammie,Matt Parrott & Sons Co
Coolidge,Jeannetta,Tiny Tots Originals Div
Drawe,Elbert,"Lovitch, Alan F"
Gazzola,Lenny,Wise Industries
Alpheaus,Mira,East County Process
Ungar,Cathern,Agopgee Enterprises Inc
Fleckles,Malcom,L Winik & Associates Inc
Damato,Monroe,"Rosati, Marc D Esq"
Fletchen,Leota,Rust Evader Corp
Gutoski,Berry,Budget Annex
Riherd,Meghan,Kiqo Pure Gold Oldies 104 Fm
Torner,Mike,Segall Majestic Inc
Delisle,Elsa,Taos Valley Resort Assn
Rosenlof,Linwood,Exhibit Crafts Inc
Alexy,Latosha,"Laitinen, Stephen B Esq"
Meenan,Alexia,Herr Foods Inc
Stanwick,Graham,Tiburon Pen Chmbr Commrce Inc
Fulda,Elinore,Agri Business Insurance Agency
Creecy,Lisbeth,"Gerstenfeld, Gerald F Esq"
Faurote,Eloisa,"Mcdonald, Michael J Esq"
Cantua,Shawana,Best Western Riverview Inn
Ansbro,Alyssa,"Berg, Michael D Esq"
Mcmillian,Kyoko,Nature Conservancy
Gauthier,Terry,"Walker, Susan S Esq"
Langenbach,Sena,Alternative Collection Svc Inc
Nesset,Cristen,"Johnson, Matthew E Esq"
Ker,Lashawn,"Thornsjo, Dale O Esq"
Sovel,Wade,Manhattan Supply Co Deer Pk
Tishler,Whitney,Clifford Standifer & Mcdowell
Conatser,Deja,Universal Case Co
Casper,Earnestine,A O J Mfg Corp
Marruffo,Frankie,Paralegal Personnel
Dease,Paola,Sunderland Publishing Co
Hawkin,Rodrigo,"Godfroy, William Esq"
Alsman,Luther,Crossroads Travel Service Inc
Dondero,Casey,Sarrail Lynch & Hall
Bontemps,Ressie,Typesetters
Schurman,Sean,Cooper Electric Supply Co
Pince,Celestina,Mcallister & Murphy Pc
Karas,Maira,"Blanton, Mary R Attorney"
Barbone,Beth,Upper Deck Co
Nobel,Wei,Victory Coating
Slotemaker,Melissia,Twining Nemia & Steflik
Akey,Letha,Jeanettes Drapery & Upholstery
Semrad,Isaac,"Prugh, Pamela J Cpa"
Klipfel,Kristine,"Neeley, Gregory W Esq"
Moussette,Odette,Village Business Center
Panfilov,Hobert,"Carlin, Angela G Esq"
Mchughes,Isadora,Fan Shop
Pogorelc,Emily,Mccartney Printing Services
Barresi,Desire,Greater Cinc Schl Empl Crdt Un
Stamps,Rosalind,"Haar, Allen F"
Connley,Vernell,Harmons
Mathieson,Micheline,Mail Boxes Etc
Outhouse,Nathan,Grt Amercn Fed Svngs & Ln Assn
Burau,Allene,Allied Plastics
Sakshaug,Julie,Newton Clerk
Shuhi,Francisca,"Thompson, Chesney Md"
Wilcoxon,Marisha,Young Door Company
Maraia,Telma,Reliable Yard Service
Crete,Luke,M D & W Railway
Mias,Hubert,Chuckmaster Co
Altobell,Janella,"Shannon, Paul V Esq"
Lavista,Angelo,Computemp
Mandiola,Tran,N Rockland Educl Fed Crdt Un
Vanhooser,Reynalda,A All In One Construction
Rieger,Salley,Barnett Industries Inc
Yurich,Cheryll,Blaineco Structural Movers
Viengxay,Crista,Green Point Savings Bank
Sutulovich,Lino,Sherpa Corp
Wendorf,Galen,"Russell, Amelia Mosley Esq"
Langarica,Gilbert,Inter American Press Assn
Goossen,Whitney,Eagle Newspapers
Abrahams,Socorro,Martin Morrissey
Flam,Mauricio,"Callender, William C Esq"
Aloi,Phillip,"Duffield, Michael C"
Erixon,Gilberto,Advanced Data Systems
Puskarich,Thad,"Drubner, Norman S Esq"
Favaron,Bambi,Desktop Center
Kozikowski,Marshall,Viking Lodge
Wiederin,Chery,"Rosenkrance, Brent"
Montecalvo,Eileen,Holiday House Apts
Szpak,Melita,Or Draymen & Warehousemans
Jessie,Ashley,"Haney, Tom C Md"
Fend,Laila,Burlington Co Library
Guillereault,Bobbie,Geneva Woods Professional Ctr
Paluszynski,Dana,Chile Pepper Magazine
Newyear,Freida,"Flash, Elena Salerno Esq"
Cellucci,Val,Owensboro Brick & Tile
Knapp,Horace,Mouw & Celello Pc
Reinecke,Joana,Visiting Nur Assn Ctrl Jersey
Schlichter,Tiara,C C Industries
Swaisgood,Dacia,Nelson & Paulson Chartered
Babineaux,Myong,Capital Thrpy & Spts Medcn Inc
Bleile,Gene,Sun Toledo Refinery Co
Difiora,Kanisha,"Mata, Mario A Esq"
Moeder,Ayesha,Meredith Paving Corp
Smalarz,Lanie,Philosophical Rsrch Scty Bkstr
Polintan,Jaleesa,New Jersey Tanning Co Inc
Flotow,Tamekia,All County Inc
Otey,Ula,Mail Boxes Etc
Ratel,Rosendo,Elmark Graphics Inc
Lintner,Timmy,Interdependence Associates Inc
Speltz,Zita,Mmm Design Group
Lemm,Aleisha,Pathe Cmptr Cntrl Systems Corp
Lavezzo,Naomi,Torrefazione Italia Inc
Bowling,Aretha,"Sawyer, Robert M Esq"
Figuera,Mila,U S Sapporo A Inc
Zuehl,Orville,"Teti, Louis N Esq"
Geschke,Gabriele,Levy Security Consultants Ltd
Jaquish,Kara,El Adobe Inn
Lin,Kenny,Mcmahan Mcmahan & Brinkley
Sugai,Vashti,Accurate Engraving Co
Handsaker,Jordan,Shirleys Print Shoppe
Degenhardt,Carisa,Schwend Signs
Danaher,Audrie,K C Products Co
Rodamis,Shaunna,Engelbrecht Ackerman & Hassman
Langer,Coleen,Valley Prodn Ctr For Vid & Aud
Choinski,Katie,Coastal Technologies
Brau,Dannie,Goodfellow Agency
Donn,Ashanti,Denticator
Dubberly,Madalyn,L & M Industrial Chemicals Inc
Signore,Santos,"Gallagher, John J Esq"
Flamino,Alyce,"Sadowski, Jeffrey A"
Ero,Pearly,Rug Gallery
Nitschke,Cherrie,"Watson, Richard I Md"
Shadd,Maia,Pigeon Falls State Bank
Logghe,Edwin,Joseph Victor & Son Inc
Semenza,Leigha,Unique Epoxy
Seeger,Walker,Jim Dunnam Builder Inc
Rodrigues,Nakita,Richard Mulholland Prop Inc
Ozane,Kattie,"Page, Patricia A Esq"
Suite,Lamar,T J Boyle & Associates
Uken,Juliana,Charles S Cavadini Cic
Loftin,Chan,Hydrick Law Offices
Detamore,Delpha,Bilar Tool & Die Inc
Tivis,Floyd,Sheplers Western Wear
Besong,Chantell,"Kelly, Mark C"
Fonua,Martin,Aviation Insurance Inc
Erdman,Hyun,"Hall, Ronald A"
Arey,Nada,Advanced Engineering Assocs
Pata,Elizabeth,"Hirsch, Henry L Esq"
Washmuth,Dominic,"Bremer, Duncan S Esq"
Packebush,Alise,Wnc Forklift Inc
Bardsley,Flo,"Hancock, John J Esq"
Sandblom,Bonita,Transbay Steel Corp
Rush,Royal,"Severt, Todd D Esq"
Talentino,Erasmo,Active Air Systems
Smeby,Mari,A B E Doors & Windows
Ventry,Eleonora,"Jackson, Donald M Esq"
Shiraki,Therese,Wuhf Fox 31
Scavuzzo,Rodolfo,Gulf Atlantic Equipment Co Inc
Fanelli,Cruz,"Graham, John A Esq"
Dellinger,Arlyne,"Holzgrafe, Roger E Esq"
Strejan,Edward,Kaysers Nutrition Center
Sheneman,Christoper,"Jones, Brigham P Esq"
Colamarino,Melda,Proctor & Associates Co
Peay,Margot,"Bork, Terry D Esq"
Drozdenko,Gerald,Diamond Cbnts Div Wht Cons Ind
Renno,Tomoko,Trico Prods Corp
Wassmann,Mendy,"Ruello, Joseph F"
Hilcher,Daryl,Petaluma Area Chamber Commrce
Feeback,Ty,Barnett Travel
Vanacore,King,Sdse Public Tv
Varnado,Isidra,Howland Machine Corp
Driesenga,Tonja,First Ozaukee Savings Bank
Featherston,Shaquana,General Truck Part & Equipment
Feagins,Gilberto,"Finlay, Joseph B Jr"
Faehnle,Rex,"Hering, Glenn Z Esq"
Cunningham,Adolph,"Moorhead, Bridget Klein Esq"
Leader,Queen,Ottumwa Glass Co
Rufenacht,Rebbecca,Ithaca Guitar Works Inc
Goldrup,Ardella,Bedford Books St Martins Prs
Miyashiro,Dallas,Em Building Products Inc
Jenious,Vivan,Mnpls Arprt Marriott
Dzledzic,Han,Captain Copy
Guitierrez,Emilio,Register Printing Co
Cos,Latia,Capitol Cadillac Company
Cureau,Lilli,A 1 Plumbers Supply
Siske,Maryanne,"Levering, Charles B Esq"
Strimple,Eliz,Karl May General Contractor
Gumaer,Laura,C Leasing Company
Respicio,Leanora,Fire Protection Consultants
Pomarico,Sherell,Kxlt Radio (k 108 Fm)
Isita,Charlie,"Sotorrio, Rene A Esq"
Nuckolls,Veronique,Cinemax Cable Pay Tv Svce
Villamarin,Antonio,Combs Sheetmetal
Kincannon,Louvenia,"Fineshriber, Marilyn Esq"
Hedegore,Roxanne,"Wallace, Bruce R Esq"
Hoffstot,Eve,Domestic Intrntl Techlgy Ltd
Koza,Kenda,General Bindery Co Inc
Mercik,Elden,"Lee, Stan Dvm"
Ferre,Kami,"Chomsky, Charles Esq"
Zeng,Selene,Dustbooks
Rardon,Deangelo,Ric Lo Productions Ltd
Ailey,Olen,"Shohet, Grace C Esq"
Smarsh,Lanie,Lbt
Breheny,Lynna,Wky Am 930 Stereo
Klitzing,Jody,Dan Dee Belt & Bag Co Inc
Glasford,Antonio,Saint Thomas Creations
Scurci,Merilyn,New York C Liquidators Inc
Kins,Elliott,John Noda A Law Ofc Lawrence E
Devereux,Leonie,Mr Bar B Q Inc
Syrop,Eulah,Atec
Tarry,Marsha,Allgood Industries
Luger,Mignon,National Lime Association
Rivet,Tu,Gemini Hats & Accessories Inc
Schantini,Adelle,Creative Photography Inc
Fonnesbeck,Douglass,"Goodspeed, Paul E Esq"
Mazierski,Evette,Consolidated Aluminum
Okoren,Geraldo,Guadalajara Bar & Grille
Pelayo,Clarinda,Tejas Loans
Mccorrison,Reuben,Kyes Tv Channel 5
Groody,Yen,Daily Advance
Milne,Tanja,Austin Periodical Services
Holtgrewe,Jerlene,Granite Construction Co
Keehner,Almeta,"Hoolahan, Catherine G Esq"
Brigham,Wilda,Morelli Hoskins Ford
Arlinghaus,Remedios,"Miller, Martin M Esq"
Alcazar,Margret,Advantage Title & Escrow Inc
Casalenda,Denny,Ringo International Inc
Atkison,Carolynn,Dorval Trading Co Ltd
Goulbourne,Amina,Poag Grain Inc
Przybyl,Janna,Southwest Ms Shopg Bag
Sayre,Emiko,Scott Marlow Agency
Muns,In,Nursefinders
Vanscoik,Eleni,"Simpson, Fred B Esq"
Alsbury,Kandis,Fast Cash
Saltman,Kina,Mitchell Silliman Co Inc
Sterback,Jacki,"Praver, David L Esq"
Kerfoot,Fallon,"Rotenstreich, H Andrew Esq"
Brabble,Precious,Sigmacom Corporation
Ona,Glory,Real Isle Properties
Tyburski,Tamesha,"Liss, Amy Esq"
Cutlip,Brande,Real Estate Appraisals Inc
Skubis,Olene,"Luby, Joseph K Esq"
Marchetta,Carey,New River Tire Company Inc
Torez,Launa,"Farber, Mindy Esq"
Whitrock,Dominga,"Nohr, Katharine M Esq"
Belyea,Dwight,Skuttle Mfg Co
Mccrossin,Cornell,"Cheek, John D Esq"
Topete,Alverta,National Catholic Reporter
Claybrooks,Felicia,Strescon Industries Inc
Gillham,Carmen,"Norda, Beth Dorsey Esq"
Beyl,Ashlee,Indiana Electronics Corp
Land,Vannessa,Port Delivery Systems
Rempel,Patti,"Meder, Randy F Cpa"
Meyerhoff,German,S M Copiers
Marse,Anika,Milton Terry Associates
Marola,Cristina,Pro Img Mktng & Pub Rel Inc
Allis,Lemuel,Computer Security Cnslnts Inc
Hysom,Joaquin,Sport Toyota
Makuch,Kerrie,Kinkos Copies
Raterman,Alaine,Putnam Co Inc
Kobayashi,Shannon,Hungs
Holman,Corinne,Herculite Mason Supply Inc
Hallford,Heidy,New England Die Co Inc
Shonerd,Marylyn,Barker Electronics
Mortenson,Maryln,"Mullins, Glen Esq"
Flori,Pearlie,Marine Safety International
Yaklin,Nina,Ramm Metals Inc
Torrain,Vivienne,Finley Colmer & Co
Kippel,Jacob,Acc Automation Inc
Nahmias,Tula,"Anstoetter, Mark D Esq"
Scandalis,Berry,American Fine Foods Inc
Carsten,Kaycee,Dohn Law Offices Inc Ps
Setter,Melvin,Rex Internatl
Matsumura,Brianne,Bender & Associates
Pelzer,Eugene,Fashion Corner Inc
Rohrs,Margery,C G Mccullough Insurance Agcy
Sarra,Noel,Orkin Exterminating Co Inc
Lingo,Beula,Bauer Coatings
Mckenize,Sheridan,Word & Image Workshop Inc
Meinert,Dino,Container Decorating Inc
Rubinstein,Rebbeca,"Cullen, Jack J Esq"
Reisling,Celia,Bridger Valley General Store
Weatherwax,Stefania,Robert Vance Ltd
Luchterhand,Leah,Safeguard Chemical Corp
Selma,Billy,Taylor Inn
Lucore,Doug,"Barr, Albert S Iii"
Mcclodden,Veronica,Las Vegas Art Museum
Kho,Laquanda,Bayou Welding Works Inc
Poitra,Mohammad,"Kenyon, William R Esq"
Westad,Mozell,Fox Vision Center
Bridgford,Bronwyn,Edgemere Finance Company
Brossoit,Jeff,Jeh Construction Co
Hopman,Shantay,Smith & Dekay Ps
Jirsa,Chantay,Posey Company
Stpierrie,Keneth,Mueller Repro Blue Printg
Rampy,Alton,Reliable Metalcraft Inc
Teisberg,Patrick,"Dworkin, Michael L"
Merriam,Theron,"Percival, Mark R Esq"
Seelig,Pilar,Demer Normann Smith Ltd
Argiro,Lashunda,Kluza Associates
Chiphe,Verda,Ardrox
Tropp,Ashley,Everythings A Dollar
Havely,Vesta,Tool Service Company Inc
Ritthaler,Emogene,Mcdonald Service Station
Mordhorst,Shayne,Don Allen & Associates Pa
Charry,Franchesca,"Cappello, A Barry Esq"
Ringlein,Elmira,"Hyland, Richard S Esq"
Madlem,Destiny,Diesel Recon
Szumski,Gaston,Red Giant Foods Inc
Mittler,Ronna,Bethesda Gazette
Poisso,Angelica,Chemical Consultants
Arzilli,Casie,Wenatchee Valley Fed Crdt Un
Cocherell,Magdalene,Southern Interiors Inc
Gath,Erasmo,Pan Optx
Ziv,Rosalia,"Arias, Michele Ann Md"
Cronholm,Lyda,Print Shop
Stueber,Lisandra,Wstu 1450 Am Radio Station
Prok,Sabina,T J Ward & Associates Inc
Gomoran,Elenore,Bell Service Systems Inc
Capra,Brynn,Magic Valley Irrigation Supply
Flory,Leeann,Fleetwood Area School District
Steimer,Janet,Alaska State Troopers
Mellom,Lewis,Lasting Impressions
Driscol,Jestine,Glass Express
Parks,Tatum,Quantum Consultants Inc
Bendle,Kayleigh,J A Associates
Imondi,Lili,Ide Haigney & Radio
Senechal,Sunshine,"Dale, George F Esq"
Heier,Remona,M A C Insurance Agency
Carris,Gail,Audrey M Borland Studios
Oropeza,Dong,"Mayo, Timothy L Esq"
Ocacio,Larue,"Hollett, Byron P Esq"
Sonkens,Goldie,Veri Nu Products Corp
Plues,Shelia,"Schen, Sanford E Md"
Araiza,Narcisa,Danka Business Systems
Frede,Evelynn,"Hasselberg, Michael R Esq"
Calaf,Arlean,Ed Miniat Inc
Yu,Tamra,Davis Commercial Contracting
Maricle,Dusti,"Garton, Jeffrey P Esq"
Donham,Aracelis,Sm Toth Baldridge & Van Belkum
Fredrikson,Filiberto,Westoaks Glass
Stackpole,Leana,Direct Tools & Fasteners
Homer,Man,Applied Robotic Tech Inc
Asley,Lennie,Air Tech Streamlining
Naomi,Arletta,E Zaks & Co
Perera,Chana,Olden Camera & Lens Co Inc
Pao,Nell,"Madaus, Gerald F Jr"
Heilig,Antonio,Radisson Suite Hotel
Kernagis,Gerald,Digital Solutions Inc
Mandril,Sueann,El Hispanic News
Hoyal,Alayna,South Bldg Code Congres
Marthe,Talia,Kenney Mfg Co
Kopan,Pansy,Oncor Inc
Saik,Royce,Best Western Caprock Inn
Sorrel,Cherelle,"Wiltgen, Nancy A Esq"
Dibartolo,Dudley,"Mcknight, H Vincent Jr"
Aldaco,Nettie,Miller Searl & Fitch
Bulcao,Carline,"Brenner, Steven G Esq"
Lunger,Shanda,Western Packing Co
Withers,Emilio,Ardent Studios Inc
Study,Lovetta,Borton Petrini & Conron
Gone,Felice,A F Supl Co Div Automtc Firing
Leadbeater,Stefania,Murray Whisnant Architects
Orloski,Margarita,1893 Shops
Farrin,Paul,"Dering, James E Esq"
Tritten,Anglea,Waltons Carson Gardens
Bowhall,Ona,Cohen And Fromm Pc
Hascall,Germaine,Prg Company
Schellenberge,Vicky,Medlab Environmental Test Inc
Gross,Carolann,Leem Company Inc
Adelsperger,Rusty,"Clarke, James H Esq"
Bludworth,Cassandra,Lykes Bros Inc
Gesell,Teresita,Mason Insurance Agency Inc
Gius,Evangelina,J T Painting Corp
Tromblay,Marlon,Solomon Metals Inc
Scarsella,Quiana,Looking Good
Humeniuk,Viki,Guldstrand Engineering Inc
Weissmann,Domitila,"Ciocia, James A Esq"
Aronov,Ivan,Center For Pediatrics
Baldock,Anabel,William A Geppert True Value
Blyler,Carlton,Hardware Specialty Co Inc
Vera,Rashida,Creative Consultants
Knodel,Sherron,Fhk Corp
Mossing,Cora,Regis Brd Pro Engrs & Land
Tischner,Altha,Male Power Ltd
Yaccarino,Dortha,Atc Power Systems
Augle,Diego,Farmers Electric Co Op Inc
Khov,Peggy,"Goldberg, Stephen M Esq"
Yuki,Walton,Best Wstrn Host Mtr Htl Palm
Yafaie,Vallie,Micro Lan
Diazdeleon,Tony,Dilling Harris Inc
Villot,Val,Horizon Air Magazine
Picciuto,Mel,Avante Limited
Piatkowski,Isabella,"Miller, William E Iii"
Rhea,Erasmo,Martin Morrissey
Lohrenz,Ivory,Auto Body Color
Walka,Nikita,"Fred, Anthony Esq"
Ligons,Aleta,Advantage Bookkeeping
Jentzen,Owen,Capital Fasteners Inc
Fling,Pauline,Cumberland Vacuum Products
Machalek,Tijuana,"Schwartz, Thomas E Esq"
Alsaqri,Ahmad,Alliance Construction Co Inc
Conoly,Jamika,"Keller, Raymond C"
Dolloff,Derrick,Proto Tek Manufacturing
Reibman,Jacquelyne,Great Clips For Hair
Freeburger,Zachary,Country Kitchen
Gaucher,Sophia,T C E Systems Inc
Kono,Isabelle,Rock Springs Petroleum Equip
Brigman,Ronnie,Howard Johnson
Schlabaugh,Krystina,Harris Oldsmobile Inc
Ausdemore,Rosita,"Jurdem, Scott Esq"
Stancil,Huey,Lindner Funds
Fiorino,Elbert,"Donald, G Nelson Esq"
Manciel,Pura,Cia Inspection
Katie,Alesia,Nelsons Trmt & Pest Cntrl Co
Veit,Avery,Plaza Gourmet Delicatessen
Euresti,Reid,"Fitzgerald, Edward J"
Brenning,Charlette,Furey & Associates
Keeny,Celestina,Bfg Federal Credit Union
Richan,Mi,Nelson Wright Haworth Golf Crs
